<Ravi_Teja>	<actedWith>	<Chiranjeevi>
<Gene_Wilder>	<actedWith>	<Peter_Ustinov>
<Dan_Aykroyd>	<actedWith>	<Gene_Hackman>
<Chris_Noth>	<actedWith>	<Sharon_Wilkins>
<Beau_Starr>	<actedWith>	<Michael_Paul_Chan>
<Chris_Evans_(actor)>	<actedWith>	<Jaime_Pressly>
<Brenda_Vaccaro>	<actedWith>	<Don_Stroud>
<Charles_Stanton_Ogle>	<actedWith>	<Marc_McDermott>
<Julie_Ege>	<actedWith>	<John_Forbes-Robertson_(actor)>
<Helen_Slater>	<actedWith>	<Jon_Tenney>
<John_Ratzenberger>	<actedWith>	<Ned_Beatty>
<James_Earl_Jones>	<actedWith>	<Burt_Lancaster>
<Raj_Babbar>	<actedWith>	<Shashi_Kapoor>
<Sigourney_Weaver>	<actedWith>	<Gwyneth_Paltrow>
<Harry_Dean_Stanton>	<actedWith>	<Donald_Pleasence>
<Megan_Follows>	<actedWith>	<Colleen_Dewhurst>
<Tony_Leblanc>	<actedWith>	<José_Nieto_(actor)>
<Ian_Hendry>	<actedWith>	<Barbara_Ferris>
<Jackie_Condon>	<actedWith>	<Helen_Gilmore>
<Peter_Miller_(actor)>	<actedWith>	<Luke_Kirby_(actor)>
<Kenji_Sahara>	<actedWith>	<Akihiko_Hirata>
<Eric_Idle>	<actedWith>	<Kathy_Najimy>
<Devayani_(actress)>	<actedWith>	<Sampath_Raj>
<James_Faulkner_(actor)>	<actedWith>	<John_Gielgud>
<Brian_Robbins>	<actedWith>	<Pamela_Bellwood>
<Patrick_Stewart>	<actedWith>	<Héctor_Elizondo>
<Burt_Reynolds>	<actedWith>	<Paul_Anka>
<Josh_Lucas>	<actedWith>	<Ellen_Page>
<Liz_Burch>	<actedWith>	<Michael_Caton>
<Genelia_D'Souza>	<actedWith>	<Govinda_(actor)>
<John_Turturro>	<actedWith>	<Jack_Black>
<Mars_(actor)>	<actedWith>	<Karl_Maka>
<John_Turturro>	<actedWith>	<Johnny_Depp>
<Terence_Morgan>	<actedWith>	<Kay_Walsh>
<Srividya>	<actedWith>	<Sarath_Babu>
<Sho_Kosugi>	<actedWith>	<Lee_Van_Cleef>
<Elizabeth_Taylor>	<actedWith>	<Spencer_Tracy>
<Richard_S._Castellano>	<actedWith>	<John_Cazale>
<Diane_Lane>	<actedWith>	<Dennis_Miller>
<Jean_Hagen>	<actedWith>	<Louis_Calhern>
<Ossie_Davis>	<actedWith>	<Craig_T._Nelson>
<Patricia_Laffan>	<actedWith>	<Adrienne_Corri>
<Leslie_Mann>	<actedWith>	<Megan_Mullally>
<Cliff_Robertson>	<actedWith>	<Tobey_Maguire>
<Hema_Malini>	<actedWith>	<Ashok_Kumar>
<Idris_Elba>	<actedWith>	<Jay_Hernandez>
<Ben_Vereen>	<actedWith>	<Stephen_Spinella>
<Tom_Skerritt>	<actedWith>	<Marisol_Nichols>
<Sissy_Spacek>	<actedWith>	<James_D Arcy>
<Anne_Bancroft>	<actedWith>	<Trever_O Brien>
