query,result_size,documents
Clemente Mastella is politician of  Italy,2,"<div>
<p>
  <b><a href=""apps.evemilano.com/entities/?query=sergio+mattarella"">Sergio Mattarella and 90 related entities | Entities Finder</a></b>
  <br/>
Sergio Mattarella President &#57344;of Italy&#57345;. Desc: Sergio Mattarella OMRI, OMCA is an Italian &#57344;politician&#57345;, lawyer and judge serving as the 12th and current President &#57344;of Italy&#57345; since 2015.
  <br/>
  <b><a href=""apps.evemilano.com/entities/?query=sergio+mattarella"">apps.evemilano.com/entities/?query=sergio+mattarella</a></b>
  </p>
</div>
<div>
<p>
  <b><a href=""waatp.com/people/gary-w-clemente/33169830"">Who is &#57344;Gary W Clemente&#57345; - (718) 376-0527 - Brooklyn - NY ...</a></b>
  <br/>
Who is &#57344;Gary W Clemente&#57345; - (718) 376-0527 - Brooklyn - NY - waatp.com.See also &#57344;Gary W Clemente&#57345;: pictures, social networks profiles, videos, weblinks, at blogs, at news, books, microblogs profiles
  <br/>
  <b><a href=""waatp.com/people/gary-w-clemente/33169830"">waatp.com/people/gary-w-clemente/33169830</a></b>
  </p>
</div>
"
Ulises Francisco Espaillat is politician of  Dominican Republic,2,"<div>
<p>
  <b><a href=""www.revolvy.com/main/index.php?s=Adriano Espaillat"">&#57344;Adriano Espaillat&#57345; - Revolvy</a></b>
  <br/>
Adriano D. &#57344;Espaillat&#57345; Cabral (born September 27, 1954) is a &#57344;Dominican&#57345;-American &#57344;politician&#57345;. He is the U.S. Representative for New York's 13th congressional district and the first formerly undocumented immigrant to ever serve in Congress.
  <br/>
  <b><a href=""www.revolvy.com/main/index.php?s=Adriano Espaillat"">www.revolvy.com/main/index.php?s=Adriano Espaillat</a></b>
  </p>
</div>
<div>
<p>
  <b><a href=""wikivisually.com/wiki/Mao,_Dominican_Republic"">Mao, &#57344;Dominican&#57345; &#57344;Republic&#57345; - WikiVisually</a></b>
  <br/>
The entire wikipedia with video and photo galleries for each article. Find something interesting to watch in seconds.
  <br/>
  <b><a href=""wikivisually.com/wiki/Mao,_Dominican_Republic"">wikivisually.com/wiki/Mao,_Dominican_Republic</a></b>
  </p>
</div>
"
Umaru Tanko Al- Makura is politician of  Nasarawa State,4,"<div>
<p>
  <b><a href=""https://www.facebook.com/Nasarawa-State-Universal-Basic-Education..."">&#57344;Nasarawa State Universal Basic Education Board - Nsubeb&#57345; ...</a></b>
  <br/>
&#57344;Nasarawa State Universal Basic Education Board - Nsubeb&#57345;. 246 likes &middot; 26 talking about this. Education
  <br/>
  <b><a href=""https://www.facebook.com/Nasarawa-State-Universal-Basic-Education..."">https://www.facebook.com/Nasarawa-State-Universal-Basic-Education...</a></b>
  </p>
</div>
<div>
<p>
  <b><a href=""https://seunfakze.wordpress.com/2012/06"">June | 2012 | &#57344;A New Nigeria&#57345;</a></b>
  <br/>
&#57344;A New Nigeria&#57345;. raising standards, impacting lives. Home; jump to navigation. #SaveOke: BACK &amp; BETTER June 30, 2012 Posted by seunfakze in MOTIVATION.
  <br/>
  <b><a href=""https://seunfakze.wordpress.com/2012/06"">https://seunfakze.wordpress.com/2012/06</a></b>
  </p>
</div>
<div>
<p>
  <b><a href=""https://www.facebook.com/Taal-and-Agara-Students-Support-Group..."">Ta'&#57344;al&#57345; &#57344;and Agara Students Support Group - Tassug&#57345; - Home ...</a></b>
  <br/>
Ta'&#57344;al&#57345; &#57344;and Agara Students Support Group - Tassug&#57345;, Lafia Beriberi, Nassarawa, Nigeria. 788 likes &middot; 1 talking about this. &#57344;Politician&#57345;
  <br/>
  <b><a href=""https://www.facebook.com/Taal-and-Agara-Students-Support-Group..."">https://www.facebook.com/Taal-and-Agara-Students-Support-Group...</a></b>
  </p>
</div>
<div>
<p>
  <b><a href=""https://seunfakze.wordpress.com/2012/page/5"">2012 | &#57344;A New Nigeria&#57345; | Page 5</a></b>
  <br/>
&#57344;A New Nigeria&#57345;. raising standards, impacting lives. Home; jump to navigation. AWAKENING THE SLEEPING GIANT: MAKING NIGERIA WORK AGAIN (V) by Prof @ayittey July 7, 2012
  <br/>
  <b><a href=""https://seunfakze.wordpress.com/2012/page/5"">https://seunfakze.wordpress.com/2012/page/5</a></b>
  </p>
</div>
"
Arthur Cornforth is politician of  Colorado,1,"<div>
<p>
  <b><a href=""self.gutenberg.org/articles/eng/Lieutenant_Governor_of_Colorado"">Lieutenant Governor &#57344;of Colorado&#57345; | Project Gutenberg Self ...</a></b>
  <br/>
Project Gutenberg Self-Publishing - eBooks . Flag as Inappropriate ...
  <br/>
  <b><a href=""self.gutenberg.org/articles/eng/Lieutenant_Governor_of_Colorado"">self.gutenberg.org/articles/eng/Lieutenant_Governor_of_Colorado</a></b>
  </p>
</div>
"
Prem Bahadur Singh is politician of  Nepal,3,"<div>
<p>
  <b><a href=""https://broom02.revolvy.com/topic/Nepali Janata Dal&item_type=topic"">&#57344;Nepali Janata Dal&#57345; - Revolvy</a></b>
  <br/>
&#57344;Nepali Janata Dal&#57345; is a political party in &#57344;Nepal&#57345; . The party was established in 1995 as the United People's Party . The party identifies itself as progressive , nationalist and socialist .
  <br/>
  <b><a href=""https://broom02.revolvy.com/topic/Nepali Janata Dal&item_type=topic"">https://broom02.revolvy.com/topic/Nepali Janata Dal&item_type=topic</a></b>
  </p>
</div>
<div>
<p>
  <b><a href=""https://www.revolvy.com/topic/Maya Burman"">&#57344;Maya Burman&#57345; - Revolvy</a></b>
  <br/>
&#57344;Maya Burman&#57345; (born 1971) is a contemporary artist of Indian parentage living in France . Biography Burman was born in Paris and brought up in France .
  <br/>
  <b><a href=""https://www.revolvy.com/topic/Maya Burman"">https://www.revolvy.com/topic/Maya Burman</a></b>
  </p>
</div>
<div>
<p>
  <b><a href=""studylib.net/doc/9551989/dedicated-to-all-nepali-speaking-women-with"">&#57344;Dedicated to All Nepali Speaking women with&#57345; - studylib.net</a></b>
  <br/>
Women Writers &#57344;of Nepal&#57345; (Profiles and Perspectives) Women Writers &#57344;of Nepal&#57345; Profiles and Perspective) (Dates and Data Adopted fromNarichuli of Narendara Raj Prasai) Jagadish Rana Rajesh Rana Publications Shimla First published, 1 January 2011 &copy; Jagadish Rana Publisher: Rajesh Rana Publications Yodha Niwas Shimla 171001, Himachal Pradesh (India ...
  <br/>
  <b><a href=""studylib.net/doc/9551989/dedicated-to-all-nepali-speaking-women-with"">studylib.net/doc/9551989/dedicated-to-all-nepali-speaking-women-with</a></b>
  </p>
</div>
"
Melvin H. Evans is politician of  United States Virgin Islands,4,"<div>
<p>
  <b><a href=""https://www.revolvy.com/topic/Alexander Evans (American politician)"">&#57344;Alexander Evans (American politician&#57345;) - Revolvy</a></b>
  <br/>
&#57344;Alexander Evans (American politician&#57345;) Save. Alexander &#57344;Evans&#57345; (September 13, 1818 &ndash; December 5, 1888) was a U.S. Representative from Maryland.
  <br/>
  <b><a href=""https://www.revolvy.com/topic/Alexander Evans (American politician)"">https://www.revolvy.com/topic/Alexander Evans (American politician)</a></b>
  </p>
</div>
<div>
<p>
  <b><a href=""https://topics.revolvy.com/topic/Herbert M. Evans&item_type=topic"">&#57344;Herbert M. Evans&#57345; - Trivia Quizzes | Revolvy</a></b>
  <br/>
Herbert McLean &#57344;Evans&#57345; (September 23, 1882 &ndash; March 6, 1971) was a U.S. anatomist and embryologist . Education He was born in Modesto, California . In 1908, he obtained his medical degree from Johns Hopkins University .
  <br/>
  <b><a href=""https://topics.revolvy.com/topic/Herbert M. Evans&item_type=topic"">https://topics.revolvy.com/topic/Herbert M. Evans&item_type=topic</a></b>
  </p>
</div>
<div>
<p>
  <b><a href=""wikivisually.com/wiki/Black_conservatism_in_the_United_States"">Black conservatism in the &#57344;United&#57345; &#57344;States&#57345; - WikiVisually</a></b>
  <br/>
The entire wikipedia with video and photo galleries for each article. Find something interesting to watch in seconds.
  <br/>
  <b><a href=""wikivisually.com/wiki/Black_conservatism_in_the_United_States"">wikivisually.com/wiki/Black_conservatism_in_the_United_States</a></b>
  </p>
</div>
<div>
<p>
  <b><a href=""wikivisually.com/wiki/List_of_people_with_surname_Evans"">&#57344;List of people with surname Evans&#57345; - WikiVisually</a></b>
  <br/>
The entire wikipedia with video and photo galleries for each article. Find something interesting to watch in seconds.
  <br/>
  <b><a href=""wikivisually.com/wiki/List_of_people_with_surname_Evans"">wikivisually.com/wiki/List_of_people_with_surname_Evans</a></b>
  </p>
</div>
"
Ali Hassan al- Majid is politician of  Iraq,1,"<div>
<p>
  <b><a href=""waatp.com/people/ali-nouri/1891107"">Who is &#57344;Ali Nouri&#57345; - (604) 552-2761 - Coquitlam - BC - waatp.com</a></b>
  <br/>
Who is &#57344;Ali Nouri&#57345; - (604) 552-2761 - Coquitlam - BC - waatp.com.See also &#57344;Ali Nouri&#57345;: pictures, social networks profiles, videos, weblinks, at blogs, at news, books, microblogs profiles
  <br/>
  <b><a href=""waatp.com/people/ali-nouri/1891107"">waatp.com/people/ali-nouri/1891107</a></b>
  </p>
</div>
"
Nazim Ibrahimov is politician of  Azerbaijan,2,"<div>
<p>
  <b><a href=""wikivisually.com/wiki/File:Azerbaijan_politic_personality_icon.svg"">File:&#57344;Azerbaijan&#57345; politic personality icon.svg - WikiVisually</a></b>
  <br/>
The entire wikipedia with video and photo galleries for each article. Find something interesting to watch in seconds.
  <br/>
  <b><a href=""wikivisually.com/wiki/File:Azerbaijan_politic_personality_icon.svg"">wikivisually.com/wiki/File:Azerbaijan_politic_personality_icon.svg</a></b>
  </p>
</div>
<div>
<p>
  <b><a href=""https://www.revolvy.com/topic/Azerbaijan National Independence Party"">&#57344;Azerbaijan National Independence Party&#57345; - Revolvy</a></b>
  <br/>
&#57344;Azerbaijan National Independence Party&#57345; topic. The National Independence Party &#57344;of Azerbaijan&#57345; NIPA ( Azerbaijani : Az&#601;rbaycan Milli &#304;stiqlal Partiyas&#305; ) is a centre-right political party in &#57344;Azerbaijan&#57345; .
  <br/>
  <b><a href=""https://www.revolvy.com/topic/Azerbaijan National Independence Party"">https://www.revolvy.com/topic/Azerbaijan National Independence Party</a></b>
  </p>
</div>
"
Joshua G. Newbold is politician of  Iowa,4,"<div>
<p>
  <b><a href=""https://www.revolvy.com/topic/Newbold Morris"">&#57344;Newbold Morris&#57345; - Revolvy</a></b>
  <br/>
&#57344;Newbold Morris&#57345; (February 2, 1902 &ndash; March 30, 1966) was an American &#57344;politician&#57345;, lawyer, president of the New York City Council , and two-time candidate for mayor of New York City .
  <br/>
  <b><a href=""https://www.revolvy.com/topic/Newbold Morris"">https://www.revolvy.com/topic/Newbold Morris</a></b>
  </p>
</div>
<div>
<p>
  <b><a href=""https://www.revolvy.com/main/index.php?s=Walton Newbold&item_type..."">&#57344;Walton Newbold&#57345; - Revolvy</a></b>
  <br/>
John Turner &#57344;Walton Newbold&#57345; (8 May 1888&ndash;20 February 1943), known as &#57344;Walton Newbold&#57345; , was the first of the four Communist Party of Great Britain members to be elected as MPs in the United Kingdom .
  <br/>
  <b><a href=""https://www.revolvy.com/main/index.php?s=Walton Newbold&item_type..."">https://www.revolvy.com/main/index.php?s=Walton Newbold&item_type...</a></b>
  </p>
</div>
<div>
<p>
  <b><a href=""https://archive.org/stream/biographicalhist00wsdu/biographicalhist..."">Full text of &quot;Biographical history of Shelby and Audubon ...</a></b>
  <br/>
Full text of &quot;Biographical history of Shelby and Audubon counties, &#57344;Iowa&#57345;.Containing portraits of all the presidents of the United States from Washington to Harrison, with accompanying biographies of each; portraits and biographies of the governors of the state; engravings of prominent citizens in Shelby and Audubon counties, with personal ...
  <br/>
  <b><a href=""https://archive.org/stream/biographicalhist00wsdu/biographicalhist..."">https://archive.org/stream/biographicalhist00wsdu/biographicalhist...</a></b>
  </p>
</div>
<div>
<p>
  <b><a href=""https://archive.org/stream/biographicalhist00lewi/biographicalhist..."">Full text of &quot;Biographical and historical record of Greene ...</a></b>
  <br/>
Full text of &quot;Biographical and historical record of Greene and Carroll counties, &#57344;Iowa&#57345;.Containing portraits of all the presidents of the United States from Washington to Cleveland, with accompanying biographies of each; portraits and biographies of the governors of the state ... and a concise history of the two counties and their cities and ...
  <br/>
  <b><a href=""https://archive.org/stream/biographicalhist00lewi/biographicalhist..."">https://archive.org/stream/biographicalhist00lewi/biographicalhist...</a></b>
  </p>
</div>
"
Hendrik Verwoerd is politician of  South Africa,5,"<div>
<p>
  <b><a href=""https://www.veteranstoday.com/2017/06/30/get-out-now-and-spitting..."">Get &#57344;Out Now! And Spitting Cobras An&#57345;&rsquo;All - &#57344;Veterans Today&#57345; ...</a></b>
  <br/>
I recently received a very kind offer from an American friend and fellow journalist. He is most concerned about my safety in &#57344;South&#57345; &#57344;Africa&#57345;.
  <br/>
  <b><a href=""https://www.veteranstoday.com/2017/06/30/get-out-now-and-spitting..."">https://www.veteranstoday.com/2017/06/30/get-out-now-and-spitting...</a></b>
  </p>
</div>
<div>
<p>
  <b><a href=""https://theinternationalreporter.org/2017/06/30/get-out-now-and..."">Get &#57344;Out Now! And Spitting Cobras An&#57345;&rsquo;All</a></b>
  <br/>
Get &#57344;Out Now! And Spitting Cobras An&#57345;&rsquo;All. Editor / June 30, 2017. by Katherine Frisk: I recently received a very kind offer from an American friend and fellow journalist. He is most concerned about my safety in &#57344;South&#57345; &#57344;Africa&#57345;. I would like to share it with you, however, I will not include his name out of consideration for his privacy. He writes: Dear Katherine, This email is from your fellow ..
  <br/>
  <b><a href=""https://theinternationalreporter.org/2017/06/30/get-out-now-and..."">https://theinternationalreporter.org/2017/06/30/get-out-now-and...</a></b>
  </p>
</div>
<div>
<p>
  <b><a href=""https://www.scribd.com/document/135068315/Butler-Et-Al-The-Black..."">Butler Et Al_&#57344;The Black Homelands of South Africa&#57345; | &#57344;South&#57345; ...</a></b>
  <br/>
Preferred Citation: Butler, Jeffrey, Robert I. Rotberg, and John Adams &#57344;The Black Homelands of South Africa&#57345;: The Political and Economic Development of Bophuthtswana and Kwa-Zulu.
  <br/>
  <b><a href=""https://www.scribd.com/document/135068315/Butler-Et-Al-The-Black..."">https://www.scribd.com/document/135068315/Butler-Et-Al-The-Black...</a></b>
  </p>
</div>
<div>
<p>
  <b><a href=""https://www.revolvy.com/topic/Gene Louw"">&#57344;Gene Louw&#57345; - revolvy.com</a></b>
  <br/>
&#57344;Gene Louw&#57345; . Save. Eugene Louw, born 15 July 1931, is a &#57344;South&#57345; African &#57344;politician&#57345;, member of the National Party, MP for Durbanville and Paarl, who was administrator for Cape Province (1979&ndash;1989), Minister of Home Affairs [1] (1989&ndash;1992), National Education (1989&ndash;1990), Public Works (1992&ndash;1993) and Defence (1992&ndash;1993) in the F.W. de Klerk government. Louw retired from political life in ...
  <br/>
  <b><a href=""https://www.revolvy.com/topic/Gene Louw"">https://www.revolvy.com/topic/Gene Louw</a></b>
  </p>
</div>
<div>
<p>
  <b><a href=""https://sawriter.wordpress.com/2010/02"">&#57344;February | 2010&#57345; | Craig's Books</a></b>
  <br/>
5 posts published by craig lock during &#57344;February 2010&#57345;
  <br/>
  <b><a href=""https://sawriter.wordpress.com/2010/02"">https://sawriter.wordpress.com/2010/02</a></b>
  </p>
</div>
"
Edward Babiuch is politician of  People's Republic of Poland,5,"<div>
<p>
  <b><a href=""https://en.wikipedia.org/wiki/Donald_Tusk"">&#57344;Donald Tusk&#57345; - &#57344;Wikipedia&#57345;</a></b>
  <br/>
Family and education. Tusk was born in Gda&#324;sk in northern &#57344;Poland&#57345;. He has German and Kashubian ancestry. His father, also named &#57344;Donald Tusk&#57345; (1930&ndash;1972), was a carpenter, and his mother, Ewa (n&eacute;e Dawidowska) Tusk (1934&ndash;2009), was a nurse.
  <br/>
  <b><a href=""https://en.wikipedia.org/wiki/Donald_Tusk"">https://en.wikipedia.org/wiki/Donald_Tusk</a></b>
  </p>
</div>
<div>
<p>
  <b><a href=""https://en.wikipedia.org/wiki/Józef_Piłsudski"">J&oacute;zef Pi&#322;sudski - Wikipedia</a></b>
  <br/>
of the Second &#57344;Republic&#57345; &#57344;of Poland&#57345;; ... &#57344;Edward&#57345; Rydz-&#346;mig&#322;y was named by &#57344;Poland&#57345;'s president and government to be ... the policies of the Polish &#57344;People's&#57345; &#57344;Republic&#57345;, ...
  <br/>
  <b><a href=""https://en.wikipedia.org/wiki/Józef_Piłsudski"">https://en.wikipedia.org/wiki/Józef_Piłsudski</a></b>
  </p>
</div>
<div>
<p>
  <b><a href=""https://en.wikipedia.org/wiki/Edward_Gierek"">&#57344;Edward Gierek&#57345; - Wikipedia</a></b>
  <br/>
&#57344;Edward Gierek&#57345; (Polish pronunciation: [&#712;&#603;dvart &#712;&#609;&#690;&#603;r&#603;k]; 6 January 1913 &ndash; 29 July 2001) was a Polish communist &#57344;politician&#57345;.Gierek replaced W&#322;adys&#322;aw Gomu&#322;ka as first secretary of the ruling Polish United Workers' Party (PZPR) in the Polish &#57344;People's&#57345; &#57344;Republic&#57345; in 1970.
  <br/>
  <b><a href=""https://en.wikipedia.org/wiki/Edward_Gierek"">https://en.wikipedia.org/wiki/Edward_Gierek</a></b>
  </p>
</div>
<div>
<p>
  <b><a href=""https://en.wikipedia.org/wiki/Wojciech_Jaruzelski"">&#57344;Wojciech Jaruzelski&#57345; - Wikipedia</a></b>
  <br/>
... was a Polish military officer and &#57344;politician&#57345;. ... and as such was the last leader of the &#57344;People's&#57345; &#57344;Republic&#57345; &#57344;of Poland&#57345;. ... &#57344;Edward&#57345; &#57344;Babiuch&#57345; J&oacute;zef Pi&#324;kowski himself:
  <br/>
  <b><a href=""https://en.wikipedia.org/wiki/Wojciech_Jaruzelski"">https://en.wikipedia.org/wiki/Wojciech_Jaruzelski</a></b>
  </p>
</div>
<div>
<p>
  <b><a href=""https://www.baylor.edu/content/services/document.php/49952"">BOOK REVIEWS BY TITLE - &#57344;baylor.edu&#57345;</a></b>
  <br/>
Catholic Church and Antisemitism &#57344;Poland&#57345;, 1933-1939, The, ... Christianity in the &#57344;People&rsquo;s&#57345; &#57344;Republic&#57345; of China, by G. Thompson Brown, 30: ... Divine &#57344;Politician&#57345;, ...
  <br/>
  <b><a href=""https://www.baylor.edu/content/services/document.php/49952"">https://www.baylor.edu/content/services/document.php/49952</a></b>
  </p>
</div>
"
Christine Boutin is politician of  France,3,"<div>
<p>
  <b><a href=""https://rankly.com/list/best-french-politics-off-all-time"">&#57344;Best French Politics of All Time&#57345; | Rankly</a></b>
  <br/>
More about &#57344;Best French Politics of All Time&#57345;: &#57344;Best French Politics of All Time&#57345; is a public top list created by Listnerd on Rankly.com on November 27th 2012.
  <br/>
  <b><a href=""https://rankly.com/list/best-french-politics-off-all-time"">https://rankly.com/list/best-french-politics-off-all-time</a></b>
  </p>
</div>
<div>
<p>
  <b><a href=""wikivisually.com/lang-fr/wiki/Gérard_Larcher"">G&eacute;rard Larcher - WikiVisually</a></b>
  <br/>
The entire wikipedia with video and photo galleries for each article. Find something interesting to watch in seconds.
  <br/>
  <b><a href=""wikivisually.com/lang-fr/wiki/Gérard_Larcher"">wikivisually.com/lang-fr/wiki/Gérard_Larcher</a></b>
  </p>
</div>
<div>
<p>
  <b><a href=""fracademic.com/dic.nsf/frwiki/1422955"">Renaud Donnedieu de Vabres - fracademic.com</a></b>
  <br/>
Pour les articles homonymes, voir Donnedieu de Vabres. Renaud Donnedieu de Vabres Renaud Donnedieu de Vabres
  <br/>
  <b><a href=""fracademic.com/dic.nsf/frwiki/1422955"">fracademic.com/dic.nsf/frwiki/1422955</a></b>
  </p>
</div>
"
Sarah Churchill is politician of  United Kingdom,4,"<div>
<p>
  <b><a href=""https://www.revolvy.com/main/index.php?s=William Russell, 1st Duke..."">&#57344;William Russell, 1st Duke of Bedford&#57345; | Revolvy</a></b>
  <br/>
&#57344;William Russell, 1st Duke of Bedford&#57345; &#57344;William Russell, 1st Duke of Bedford&#57345; KG PC (August 1616 \u2013 7 September 1700) was an English nobleman and &#57344;politician&#57345; who sat in the House of Commons from 1640 until 1641 when he inherited his Peerage as 5th Earl of Bedford and removed to the House of Lords . He fought in the Parliamentarian army and later defected to the Royalists during the English ..
  <br/>
  <b><a href=""https://www.revolvy.com/main/index.php?s=William Russell, 1st Duke..."">https://www.revolvy.com/main/index.php?s=William Russell, 1st Duke...</a></b>
  </p>
</div>
<div>
<p>
  <b><a href=""https://wikivisually.com/wiki/Solomon_P._Sharp"">&#57344;Solomon P. Sharp&#57345; - WikiVisually</a></b>
  <br/>
The entire wikipedia with video and photo galleries for each article. Find something interesting to watch in seconds.
  <br/>
  <b><a href=""https://wikivisually.com/wiki/Solomon_P._Sharp"">https://wikivisually.com/wiki/Solomon_P._Sharp</a></b>
  </p>
</div>
<div>
<p>
  <b><a href=""https://wikivisually.com/wiki/Portal:Politics/Featured_content"">&#57344;Portal:Politics/Featured content&#57345; - WikiVisually</a></b>
  <br/>
The entire wikipedia with video and photo galleries for each article. Find something interesting to watch in seconds.
  <br/>
  <b><a href=""https://wikivisually.com/wiki/Portal:Politics/Featured_content"">https://wikivisually.com/wiki/Portal:Politics/Featured_content</a></b>
  </p>
</div>
<div>
<p>
  <b><a href=""https://www.revolvy.com/topic/Strathearn (disambiguation)"">Strathearn (disambiguation) - revolvy.com</a></b>
  <br/>
Strathearn is a place in Scotland. The title Duke of Strathearn has never existed, but there have been three dukedoms with &quot;Strathearn&quot; in the title: Duke of Cumberland and Strathearn Duke of Kent and Strathearn Duke of Connaught and Strathearn Strathearn is a region along the river Tay in Scotland ...
  <br/>
  <b><a href=""https://www.revolvy.com/topic/Strathearn (disambiguation)"">https://www.revolvy.com/topic/Strathearn (disambiguation)</a></b>
  </p>
</div>
"
Joseph B. Ely is politician of  Massachusetts,3,"<div>
<p>
  <b><a href=""www.revolvy.com/main/index.php?s=Joseph B. Ely"">&#57344;Joseph B. Ely&#57345; - Revolvy</a></b>
  <br/>
&#57344;Joseph&#57345; Buell &#57344;Ely&#57345; (February 22, 1881 &ndash; June 13, 1956) was an American lawyer and Democratic &#57344;politician&#57345; from &#57344;Massachusetts&#57345; . As a conservative Democrat, &#57344;Ely&#57345; was active in party politics from the late 1910s, helping to build, in conjunction with David I. Walsh , the Democratic coalition that would gain an enduring political ascendancy in the state.
  <br/>
  <b><a href=""www.revolvy.com/main/index.php?s=Joseph B. Ely"">www.revolvy.com/main/index.php?s=Joseph B. Ely</a></b>
  </p>
</div>
<div>
<p>
  <b><a href=""www.archive.org/stream/menofnewyorkcoll03matt/menofnewyorkcoll03..."">Full text of &quot;The men &#57344;of New York: a collection of&#57345; ...</a></b>
  <br/>
Full text of &quot;The men &#57344;of New York: a collection of&#57345; biographies and portraits of citizens of the Empire state prominent in business, professional, social, and political life during the last decade of the nineteenth century ..
  <br/>
  <b><a href=""www.archive.org/stream/menofnewyorkcoll03matt/menofnewyorkcoll03..."">www.archive.org/stream/menofnewyorkcoll03matt/menofnewyorkcoll03...</a></b>
  </p>
</div>
<div>
<p>
  <b><a href=""https://archive.org/stream/biographicalsket00murp_0/biographicalsk..."">&#57344;See other formats&#57345; - Internet Archive</a></b>
  <br/>
Full text of &quot;Biographical sketches of the state officers and members of the legislature of the state of New York in 1862 and '63&quot; &#57344;See other formats&#57345;
  <br/>
  <b><a href=""https://archive.org/stream/biographicalsket00murp_0/biographicalsk..."">https://archive.org/stream/biographicalsket00murp_0/biographicalsk...</a></b>
  </p>
</div>
"
Roland Evelyn Turnbull is politician of  North Borneo,2,"<div>
<p>
  <b><a href=""https://www.revolvy.com/main/index.php?s=Turnbull government&item..."">&#57344;Turnbull&#57345; Government - revolvy.com</a></b>
  <br/>
The &#57344;Turnbull&#57345; Government is the federal executive government of Australia, led by the 29th Prime Minister of Australia, Malcolm &#57344;Turnbull&#57345;. The government is made of members of the Liberal-National Coalition.
  <br/>
  <b><a href=""https://www.revolvy.com/main/index.php?s=Turnbull government&item..."">https://www.revolvy.com/main/index.php?s=Turnbull government&item...</a></b>
  </p>
</div>
<div>
<p>
  <b><a href=""https://www.revolvy.com/topic/Turnbull Government"">&#57344;Turnbull Government&#57345; - Revolvy</a></b>
  <br/>
The &#57344;Turnbull Government&#57345; is the federal executive government of Australia, led by the 29th Prime Minister of Australia , Malcolm &#57344;Turnbull&#57345; . The government is made of members of the Liberal-National Coalition .
  <br/>
  <b><a href=""https://www.revolvy.com/topic/Turnbull Government"">https://www.revolvy.com/topic/Turnbull Government</a></b>
  </p>
</div>
"
Kim Jong-pil is politician of  South Korea,5,"<div>
<p>
  <b><a href=""https://en.wikipedia.org/wiki/Ban_Ki-moon"">&#57344;Ban Ki-moon&#57345; - &#57344;Wikipedia&#57345;</a></b>
  <br/>
&#57344;Ban Ki-moon&#57345;: &#57344;South&#57345; Korean ... &#57344;Kim&#57345; &#57344;Jong-pil&#57345;, former Prime Minister &#57344;of South&#57345; &#57344;Korea&#57345;, was reported to say that &#57344;Ban Ki-moon&#57345; would announce his candidacy for the ...
  <br/>
  <b><a href=""https://en.wikipedia.org/wiki/Ban_Ki-moon"">https://en.wikipedia.org/wiki/Ban_Ki-moon</a></b>
  </p>
</div>
<div>
<p>
  <b><a href=""https://en.wikipedia.org/wiki/Park_Chung-hee"">&#57344;Park Chung-hee&#57345; - &#57344;Wikipedia&#57345;</a></b>
  <br/>
&#57344;Kim&#57345; &#57344;Jong-pil&#57345; Choi Kyu-hah: ... 26 October 1979) was a &#57344;South&#57345; Korean &#57344;politician&#57345;, ... &#57344;Korea&#57345;'s Development Under &#57344;Park Chung Hee&#57345; (annotated ed.).
  <br/>
  <b><a href=""https://en.wikipedia.org/wiki/Park_Chung-hee"">https://en.wikipedia.org/wiki/Park_Chung-hee</a></b>
  </p>
</div>
<div>
<p>
  <b><a href=""https://en.wikipedia.org/wiki/Foreign_relations_of_India"">&#57344;Foreign relations of India&#57345; - Wikipedia</a></b>
  <br/>
&#57344;Foreign relations of India&#57345;. ... Prime Minister &#57344;Jong Pil&#57345; &#57344;Kim&#57345;. ... Much of the economic investments &#57344;of South&#57345; &#57344;Korea&#57345; have been drained into China; ...
  <br/>
  <b><a href=""https://en.wikipedia.org/wiki/Foreign_relations_of_India"">https://en.wikipedia.org/wiki/Foreign_relations_of_India</a></b>
  </p>
</div>
<div>
<p>
  <b><a href=""https://www.britannica.com/biography/Kim-Dae-Jung"">&#57344;Kim Dae-Jung&#57345; | Biography, Achievements, &amp; Nobel Prize ...</a></b>
  <br/>
&#57344;Kim Dae-Jung&#57345;: &#57344;South&#57345; Korean &#57344;politician&#57345; &#57344;Kim Dae-Jung&#57345; was the ... Japan and &#57344;South&#57345; &#57344;Korea&#57345;. In 1976 &#57344;Kim&#57345; was ... Liberal Democrats led by &#57344;Kim&#57345; &#57344;Jong-Pil&#57345;, ...
  <br/>
  <b><a href=""https://www.britannica.com/biography/Kim-Dae-Jung"">https://www.britannica.com/biography/Kim-Dae-Jung</a></b>
  </p>
</div>
<div>
<p>
  <b><a href=""https://www.imdb.com/title/tt6333380"">Seom. Sa-ra-jin sa-ram-deul (2016) - IMDb</a></b>
  <br/>
A former political henchman seeks out revenge for being dropped by a ruthless &#57344;politician&#57345; while ... North &#57344;Korea&#57345;,for the rehearsal of the &#57344;South&#57345; ... &#57344;Jong-pil&#57345; Lee . Stars ...
  <br/>
  <b><a href=""https://www.imdb.com/title/tt6333380"">https://www.imdb.com/title/tt6333380</a></b>
  </p>
</div>
"
Lindsay Tanner is politician of  Australia,5,"<div>
<p>
  <b><a href=""loonpond.blogspot.com/2011/06"">&#57344;loon pond&#57345;: June 2011</a></b>
  <br/>
Subscribe to &#57344;loon pond&#57345; by Email. rss rss. Simple theme. Powered by Blogger. ...
  <br/>
  <b><a href=""loonpond.blogspot.com/2011/06"">loonpond.blogspot.com/2011/06</a></b>
  </p>
</div>
<div>
<p>
  <b><a href=""jonjayray.com/pcwfeb09.html"">&#57344;Political Correctness&#57345; Watch - jonjayray.com</a></b>
  <br/>
&#57344;Political correctness&#57345; is most pervasive in universities and colleges but I rarely report the incidents concerned here as I have a separate blog for educational ...
  <br/>
  <b><a href=""jonjayray.com/pcwfeb09.html"">jonjayray.com/pcwfeb09.html</a></b>
  </p>
</div>
<div>
<p>
  <b><a href=""aunews.indywatch.org/archiver/aunews.indywatch.org/resources/time..."">IndyWatch Feed Index - aunews.indywatch.org</a></b>
  <br/>
Eds. Note: Please scroll to the bottom of this post to see links to discussions of A Birthday Cake for George Washington. The links are in two sets.
  <br/>
  <b><a href=""aunews.indywatch.org/archiver/aunews.indywatch.org/resources/time..."">aunews.indywatch.org/archiver/aunews.indywatch.org/resources/time...</a></b>
  </p>
</div>
<div>
<p>
  <b><a href=""catallaxyfiles.com/.../22/is-the-end-nigh-the-new-political-paradigm"">Is the end &#57344;nigh? The new political paradigm&#57345;. | Catallaxy Files</a></b>
  <br/>
39 Responses to Is the end &#57344;nigh? The new political paradigm&#57345;. Winston Smith #1923486, posted on January 22, 2016 at 10:48 am. Nicely put, Spartacus.
  <br/>
  <b><a href=""catallaxyfiles.com/.../22/is-the-end-nigh-the-new-political-paradigm"">catallaxyfiles.com/.../22/is-the-end-nigh-the-new-political-paradigm</a></b>
  </p>
</div>
<div>
<p>
  <b><a href=""wire.indywatch.org/.../resources/timemachine/2016/023/allaunews.html"">IndyWatch Feed &#57344;Allaunews&#57345;</a></b>
  <br/>
Tasmania has seen some big environmental contests down the years. Lake Pedder, the Franklin dam, Farmhouse Creek, Wesley Vale, the Bell Bay pulp mirage, Ralphs Bay.
  <br/>
  <b><a href=""wire.indywatch.org/.../resources/timemachine/2016/023/allaunews.html"">wire.indywatch.org/.../resources/timemachine/2016/023/allaunews.html</a></b>
  </p>
</div>
"
Yisrael Kessar is politician of  Israel,1,"<div>
<p>
  <b><a href=""apps.evemilano.com/entities/?query=meir+amit"">&#57344;Meir Amit&#57345; and 80 related entities | Entities Finder</a></b>
  <br/>
Info about &#57344;Meir Amit&#57345;. Use EVE Entities Finder to find relationships between entities, things, concepts and people. Try it now, it is free!
  <br/>
  <b><a href=""apps.evemilano.com/entities/?query=meir+amit"">apps.evemilano.com/entities/?query=meir+amit</a></b>
  </p>
</div>
"
Herman Ekern is politician of  Wisconsin,1,"<div>
<p>
  <b><a href=""https://wikivisually.com/wiki/Victor_A._Miller"">&#57344;Victor A. Miller&#57345; - WikiVisually</a></b>
  <br/>
Henry Kleist, &#57344;politician&#57345; &#57344;Victor A. Miller&#57345;, Attorney General &#57344;of Wisconsin&#57345;, was born in Eaton 2. Democratic Party &#57344;of Wisconsin&#57345; &ndash; The Democratic Party &#57344;of Wisconsin&#57345; is the affiliate of the Democratic Party in the state &#57344;of Wisconsin&#57345;. It is currently headed by party chair Martha Laning. The Democratic Party dominated politics until the late 1850s, followed by the newly founded Republican Par
  <br/>
  <b><a href=""https://wikivisually.com/wiki/Victor_A._Miller"">https://wikivisually.com/wiki/Victor_A._Miller</a></b>
  </p>
</div>
"
Lee Hoi-chang is politician of  South Korea,5,"<div>
<p>
  <b><a href=""https://en.wikipedia.org/wiki/Roh_Moo-hyun"">&#57344;Roh Moo-hyun&#57345; - &#57344;Wikipedia&#57345;</a></b>
  <br/>
... was a &#57344;South&#57345; Korean &#57344;politician&#57345; who served as President &#57344;of South&#57345; ... the &#57344;Lee&#57345; &#57344;Hoi-chang&#57345;, ... cable to &#57344;South&#57345; &#57344;Korea&#57345; revealed that &#57344;Roh Moo-hyun&#57345; expressed ...
  <br/>
  <b><a href=""https://en.wikipedia.org/wiki/Roh_Moo-hyun"">https://en.wikipedia.org/wiki/Roh_Moo-hyun</a></b>
  </p>
</div>
<div>
<p>
  <b><a href=""https://en.wikipedia.org/wiki/Park_Geun-hye"">&#57344;Park Geun-hye&#57345; - &#57344;Wikipedia&#57345;</a></b>
  <br/>
President &#57344;of South&#57345; &#57344;Korea&#57345;; ... is a former &#57344;South&#57345; Korean &#57344;politician&#57345; who served as the 11th President &#57344;of South&#57345; &#57344;Korea&#57345; from 2013 to 2017. ... &#57344;Lee&#57345; &#57344;Hoi-chang&#57345; ...
  <br/>
  <b><a href=""https://en.wikipedia.org/wiki/Park_Geun-hye"">https://en.wikipedia.org/wiki/Park_Geun-hye</a></b>
  </p>
</div>
<div>
<p>
  <b><a href=""https://www.britannica.com/biography/Kim-Dae-Jung"">&#57344;Kim Dae-Jung&#57345; | Biography, Achievements, &amp; Nobel Prize ...</a></b>
  <br/>
&#57344;Kim Dae-Jung&#57345;: &#57344;South&#57345; Korean &#57344;politician&#57345; &#57344;Kim Dae-Jung&#57345; was the first ... &#57344;Lee&#57345; &#57344;Hoi-Chang&#57345;. &#57344;Kim Dae Jung&#57345;, 2000. ... &#57344;Kim Dae-Jung&#57345; visited North &#57344;Korea&#57345; in June 2000&mdash;the first ...
  <br/>
  <b><a href=""https://www.britannica.com/biography/Kim-Dae-Jung"">https://www.britannica.com/biography/Kim-Dae-Jung</a></b>
  </p>
</div>
<div>
<p>
  <b><a href=""https://www.britannica.com/biography/Roh-Moo-Hyun"">&#57344;Roh Moo-Hyun&#57345; | president &#57344;of South&#57345; &#57344;Korea&#57345; | &#57344;Britannica.com&#57345;</a></b>
  <br/>
&#57344;Roh Moo-Hyun&#57345;: &#57344;Roh Moo-Hyun&#57345;, &#57344;South&#57345; Korean &#57344;politician&#57345; and lawyer, president &#57344;of South&#57345; &#57344;Korea&#57345; from ... In December 2002 Roh defeated &#57344;Lee&#57345; &#57344;Hoi-Chang&#57345; in a tightly ...
  <br/>
  <b><a href=""https://www.britannica.com/biography/Roh-Moo-Hyun"">https://www.britannica.com/biography/Roh-Moo-Hyun</a></b>
  </p>
</div>
<div>
<p>
  <b><a href=""https://en.wikipedia.org/wiki/Liberty_Korea_Party"">&#57344;Liberty Korea Party&#57345; - Wikipedia</a></b>
  <br/>
The &#57344;Liberty Korea Party&#57345; ... Free &#57344;Korea&#57345; Party) is a conservative political party in &#57344;South&#57345; &#57344;Korea&#57345;. ... &#57344;Lee&#57345; &#57344;Hoi-chang&#57345; (&#51060;&#54924;&#52285;)*
  <br/>
  <b><a href=""https://en.wikipedia.org/wiki/Liberty_Korea_Party"">https://en.wikipedia.org/wiki/Liberty_Korea_Party</a></b>
  </p>
</div>
"
